name,age,tenure,tenure_percentage
Alice,25,3,12.0
Bob,32,5,15.625
Charlie,29,2,6.896551724137931
Dennis,19,1,5.263157894736842
Edith,22,4,18.181818181818183
